{"__Version":"0.1","App":"2844be58-f278-4c55-aba9-4d4163796c3f","Test_7F478737223C4B69":"5a30b0d5-e36f-4c99-a34c-121642e3c59f","Host":"fd7534b2-0087-4914-8a92-8b0fedd5e6bf","scrDataEntry":"be564d84-4ba8-4698-9748-bea9e7aca1a8","recAppBackground":"1d3db55f-d7b9-4c85-9a32-48369abb67d5","lblTopBanner":"825133b2-e0a3-421d-836d-4ed356c16b23","recLogoBackground":"451b00ac-61be-40ad-bb38-32d2a7d0aaed","imgBGFLogo":"eee67aa2-e81e-4dda-80da-0a5a1c272eaf","lblSeedingWeekSearch":"0175343f-b628-4638-8253-4e6936def8ae","txtWeekNumberSearch":"60a0a540-97ef-4d0a-b31b-f40a4cd908d6","lblCropSearch":"f58fefc5-a583-4666-875c-cd1e7625c50a","txtCropSearch":"64c6d9b3-4d39-44e6-9fbb-e4d597411e92","lblFarmProductSearch":"ac811e1a-dbcd-4634-b55e-7ffe4d052e91","txtFarmProductSearch":"e5ffc2c0-7e66-4d72-857c-234faa6ab4a8","lblSeedingWeekPlanHdr":"28f01c6c-8c22-4d38-8791-d8944c297815","lblPlannedSeedsNeededHdr":"964eb7c2-3dd4-4b3f-aca1-4450e997b65b","lblPtPPlanHdr":"55ada6a0-48e6-4b8d-8668-f0b1e7d91090","lblBedFtToPlantHdr":"d22b7fc6-c3fb-457a-b684-b0f4e995adb0","lblSuccessionPlanHdr":"d5ab6e33-38b8-4fce-93e7-b45863a05484","lblVarietyPlanHdr":"143a7291-24a0-4faa-90b7-afbf976490e0","lblFarmProductPlanHdr":"ec4cf8af-5145-4aa0-b0ca-ec0273f42af1","galProductionPlan":"683be35d-af02-4419-a03f-683cf7fa8df9","galleryTemplate2":"97332d8e-026c-486c-b404-a01aaf31098e","lblSeedingWeekPlan":"140f0d44-114f-444e-ba9c-49beaabc52b8","lblFarmProductPlan":"4ee83205-a445-4e4f-9c10-b9dccc0398ab","lblVarietyPlan":"712a1463-57b7-48a4-8aee-6e17075c1657","lblSuccessionPlan":"ffb7f24d-670c-4c7d-9c2c-c0daefe50e9b","lblBedFtToPlant":"c0b0b816-0e5d-492b-b07b-73f0d6289727","lblPtPPlan":"362f5743-4cc8-4e3e-95e8-875e5f0d8b20","lblPlannedSeedsNeeded":"0abaf32d-192b-4396-9209-a47920623a1f","icoAddSeedingRecord":"65fa0a6f-47f1-4f33-893f-a913c552987a","lblGHGalSelectedPlanHdr":"c0176b4a-0675-4755-a5b9-1470587fbc21","lblGHGalSeedDateHdr":"1d58436a-80e5-4c44-ae6b-ef05baab0553","lblPlantingLeadInitialsHdr":"0d5e8847-7f9b-4b0f-a90e-36f372691e79","lblFieldHdr":"67fcd6aa-7721-46f8-abab-6f8c261292db","lblTotSeedsUsedHdr":"edcce113-46b8-4358-aee9-3fc55adb84ab","lblGearingHdr":"e3c3cea5-034d-4254-bb77-d60a96dfac56","lblPlateHdr":"e896678d-7889-486e-9c09-d2cb4aff6604","lblPtPActualHdr":"f82f6414-2a1f-482c-8fb9-fe3523e2e23a","lblBedFtPlantedHdr":"448e1f91-ccd4-4142-88fa-5a8d63802723","galDirectSeedingRecords":"71fa7f47-0a67-4926-9c70-885d86da41af","galleryTemplate3":"40ca18aa-e511-4f11-937b-c66f5cfd6a5a","lblSeedingDate":"d415e564-77e5-474a-b5a2-f75a35d9cf0d","lblBedFtPlanted":"c504e4a8-adaa-47d1-8744-3f000be3619c","lblPtPActual":"97514b1d-1f17-4d39-ab85-399e9bc14e7b","lblPlate":"86546282-58e2-4750-9556-0b9c99c9b1dd","lbGearing":"2fb56fdf-a58a-4079-ac05-956750aa9a04","lblTotSeedsUsed":"a1e8b99c-87b3-4e69-8ebf-89fcca1a4ead","lblField":"6a1bf08b-328c-4544-8328-7bd6277f05dc","lbPlantingLeadInitials":"48fd907c-b0e6-4635-9786-9dba0fc65c05","icoEditButton":"7c151ed9-8e6f-4548-9dd3-58237bcecb20","lblPlantingNotesLabel":"00ec9fe3-447a-4bc9-873e-6225bf9814be","lblPlantingNotes":"0bfe72ea-36a7-4ac3-803e-07db035a11b0","lblDataEntryHeader":"e2532bf5-13d1-45f4-a30b-f11503f28ec4","recDataEntryPanel":"f51b1f11-3134-4ce7-b6ab-3b3effdb47ee","lblStartDateTimeFrm":"bc219479-0607-4797-b3b5-8aa8c68f90ca","dteStartDateTimeFrm":"220900f1-9429-46ee-b73d-815f53b8b5e0","drpStartHoursFrm":"f3f8bb1e-62ae-4920-8584-19152e3bc88b","drpStartMinFrm":"34a00375-e88c-4a12-ac22-1a731335f722","lblFieldFrm":"641c74f3-982f-4d7c-a092-d89e1108baf7","drpFieldFrm":"7bff8ee2-27dc-4a8c-a2f8-c81e68f9761b","lblPtPActualFrm":"27ea878b-0826-494e-b1f7-9295329649ff","txtPtPActualFrm":"bec08604-4a87-40f7-81df-b99c96add3ac","lblGearingFrm":"ea21320a-f6d9-45b2-b8ae-23692b7ae0fe","drpGearingFrm":"a1b01d5b-306c-4e19-b5eb-27fd90b58158","lblRowsPerBedFrm":"c8fc3a5b-be53-4dfb-a772-c1ec593815a5","txtRowsPerBedFrm":"29dd02e9-f441-4a7e-93ff-38b7e2c20925","lblPlateFrm":"89bd3a1e-0b00-491a-b1cc-ce4adaed9c42","drpPlateFrm":"c8dce2e7-b7b2-47de-b0e5-d1bd9d3117e8","lblTotSeedsUsedFrm":"41196bd5-eb06-46a9-a300-0eef32ca2362","txtTotSeedsUsedFrm":"c2b808cb-03e8-4c86-b789-20f927cde747","lblBedFtPlantedFrm":"0e7ea574-0850-4040-9d72-d048aafc7c78","txtBedFtPlantedFrm":"607ec622-07cc-4a3e-b9c1-d0b263fd65b3","lblBedsPlantedFrm":"4e844a33-68ad-402a-a49f-15139a7a2de0","txtBedsPlantedFrm":"f792d951-73db-42c6-8086-e7325dc3e03d","lblPlantingLeadFrm":"ea9da051-fed7-4a5a-acbc-fcc2ffa87b1a","drpPlantingLeadFrm":"768b768a-28fb-484a-a09b-aa3de8029939","lblDirectSeedNotesFrm":"17f854ab-8281-4154-99b2-156e58211cd9","txtDirectSeedNotesFrm":"225939ff-986b-481e-86fd-c05f24a7306a","LblEndDateTimeFrm":"d0c82405-adf5-4395-971b-df7f247b95f6","dteEndDateTimeFrm":"d0e8402f-42d2-49a3-b012-2ff36691a2bf","drpEndHoursFrm":"c7bcae83-1fce-4481-93f4-486e211d3725","drpEndMinFrm":"831c2126-20e7-4a74-94b0-d9570d396b1c","lblElapsedTimeFrm":"611c128a-04d8-420b-a613-e685fc50924c","lblSeedLotFrm":"6a2a7c69-ac77-4974-a6b5-8ab2f19805e7","drpSeedLotFrm":"c3fe1bcd-940e-4376-9210-c2eaf346a7df","btnCancelDataEntryFrm":"5d0bf428-8431-42f5-b1fb-652fa40b4f02","icoCancelAddEdit":"0d8635a6-5528-46cd-8b93-fcefce698bec","btnSaveDataEntryFrm":"65bfcef2-2491-4380-8363-5239dccead62","icoSaveAddEdit":"0040ca42-4b1e-4ecf-8ad5-41694f9d5f88","imgUserPic":"f7733422-e53f-4713-ba19-e79f0f15029a","lblBottomBanner":"e5954fc0-4ffd-41d9-8c2e-87bd549d56ab"}