{"__Version":"0.1","App":"ee25e7af-798c-4c42-9f77-f9f0b641dfce","Test_7F478737223C4B69":"6f8cc80f-3003-443a-ba46-e550e1a63620","Host":"c3a76ada-f62a-4bf6-85e0-abc498b1cf2c","scrDataEntry":"59d321ab-7a19-47f9-bcf4-7741ae1c03bc","recAppBackground":"8666e01b-6b50-4a1d-88b4-2dcc0d3f46bd","lblTopBanner":"1aa6cf3b-2b7a-49fc-93ab-b8098b28df13","recLogoBackground":"e1948e55-e21e-43e1-a170-18ff9beb4590","imgBGFLogo":"38086faa-88b9-4842-9161-31b715e50cd9","lblSeedingWeekSearch":"0a3bcefb-f748-4ba9-912b-e17d089f800f","txtWeekNumberSearch":"7371bf29-1d4d-4563-8eea-57d962db7e81","lblCropSearch":"8238eb71-7719-4add-9a18-d7984f1c7692","txtCropSearch":"1c1b69f3-1399-4dfd-9de0-19fcb2daab18","lblFarmProductSearch":"538aea70-52dd-4ea7-87ba-e54b0437351c","txtFarmProductSearch":"acb04578-4bad-4245-8785-8bcdd9d802b7","lblSeedingWeekPlanHdr":"bac33d7e-9018-4764-87c1-77b82df7563f","lblFarmProductPlanHdr":"03b2a8f8-96aa-4858-87ef-7e2d09885746","lblVarietyPlanHdr":"fef054fd-d3b9-4198-8518-183145e42e1f","lblSuccessionPlanHdr":"c778f53f-e323-4f6f-b2b3-6e3a4f300291","lblTraySizePlanHdr":"a087852d-3d71-4803-9cc5-ac6430bf2217","lblTrayQtyPlanHdr":"71d9036f-68ce-4f88-b8ac-aeca1f6fd7d6","lblSeedsPerCellPlanHdr":"ceb8750d-a6d8-42a4-8d73-925c070afffb","lblPlannedSeedsNeededHdr":"0f90f4f2-63cf-4755-8aa9-00dcb903c3c6","galProductionPlan":"efc9b2dd-0cad-4d8b-ada1-c6f9acec5fe5","galleryTemplate2":"9fdf17fd-f7ee-4c32-a2d1-34b5a68e3fcf","lblSeedingWeekPlan":"f723fa91-e5c1-4049-b5fd-4d38e0370178","lblFarmProductPlan":"fbb32ae6-b9eb-49b5-9656-68a05ae9fe7b","lblVarietyPlan":"dc8a654a-b3d9-414f-94a0-e49f00c056d2","lblSuccessionPlan":"b9a4080a-33ad-47e3-b923-1f5ee578a8c3","lblTraySizePlan":"cf14e7fb-f8d4-4caa-b759-284079f5d242","lblQtyTraysPlan":"3fabd9a5-2f88-420a-9d9a-606c23639032","lblSeedsPerCellPlan":"1eb00065-840c-4f89-a7ad-cf01739b9d71","lblPlannedSeedsNeeded":"dd353f6a-49a3-4d55-8461-e2079d374a53","icoAddSeedingRecord":"811b659a-5be5-4db7-b642-b7e24dd06fe4","lblGHGalSelectedPlanHdr":"77ddda62-bf27-475d-88a4-3dc2dad9cfaa","lblGHGalSeedDateHdr":"d98490e6-d921-4485-af5e-9bd6c69870df","lblGHGalTeamSizeHdr":"72f916b4-d0a2-4846-9eb8-33fb07ed8a32","lblGHGalTeamLeadHdr":"489dae72-ceda-444e-b4ff-f5b085e2cee7","lblGHGalTagColorHdr":"3f8673a9-86c9-46e5-9e63-2d2b94e90176","lblGHGalLocationHdr":"832c90ee-fd32-4c77-a91a-8d27efc0cc10","lblGHGalTotalSeedsHdr":"df5e3e93-b003-47db-972d-12907990be55","lblGHGalTraysHdr":"56ff4d49-e756-44b8-b629-eed1eebcefab","lblGHGalSeedCountHdr":"e3b466f8-efe2-4a53-81a4-3e970be04b51","lblGHGalTraySizeHdr":"18f1173e-f79b-474e-9677-325aa0470083","galGHSeedingRecords":"b7dd8c97-ff7e-412e-8139-77c18f81ce67","galleryTemplate3":"d6acf023-decc-4cfa-b0b5-8cfe817d0261","lblSeedingDate":"8124c917-f7e0-48c6-8245-035e7dd1f68d","lblTraySize":"63db7ac3-303a-4e24-b5cb-ea0a25a844cb","lblTraysSeeded":"873ab8aa-364f-49b3-8f01-bf85b2f9680a","lblSeedsperCell":"83537568-e133-45ac-8dbf-104cf392e80b","lblTotSeedsUsed":"2ec79994-9694-431e-8870-3c312c66efeb","lblGHLocation":"ba3b4600-dcd6-47b6-9c12-dbedaf21a199","lblTagColor":"a3ac3b27-cc42-4f12-91ba-d9ef5c0fa976","lblSeedLead1stName":"f17b4880-494f-4dfc-8401-16a6d2237ed2","lblSeedTeamSize":"01156b8b-ac63-4533-ad45-21463b06ffa4","icoEditButton":"a212c5ec-beb2-4ca6-b20f-e1a24945bfde","lblSeedingNotesLabel":"aab73746-b9ba-4ba4-95e0-3a7624995fe8","lblSeedingNotes":"c7921c30-7eba-4e40-a7ba-17803b8fdf5b","lblDataEntryHeader":"51ac179a-a6cc-4033-ae43-862dc2781d00","recDataEntryPanel":"c2443b13-dbb9-43df-a4e9-de4b8883a269","lblStartDateTimeFrm":"53b1dece-a41b-4a92-835e-b97094b9615d","dteStartDateTimeFrm":"05f64d5d-30ce-4111-b1a1-66c54a145f16","drpStartHoursFrm":"49873a24-0b66-4211-b362-4df0f8f25d22","drpStartMinFrm":"f3ce4841-d6b7-45e7-87a1-383b4cb0cdfd","lblGHNameFrm":"3fa52fb1-6ea6-4678-94fe-97053158e68c","drpGHNameFrm":"1aaa0568-c16f-4fad-9cc1-4414eb89d763","lblGHLocationFrm":"e7cf463a-e136-485f-9479-5926bbece95e","txtGHLocationFrm":"33adf010-d965-4e39-a790-d58c86ed3da9","lblSeedingMethodFrm":"38af4b26-e25d-44c2-b52d-be13b78c866a","drpSeedingMethodFrm":"2f744308-c845-4fb5-9a1b-4903c8a0b0a6","lblTagColorFrm":"8add894d-ae37-4fc0-84b0-d4ba3958eea7","txtTagColorFrm":"7d35264a-6c67-4e3a-8ba6-58dccffe6717","lblTraySizeFrm":"dd00d002-0774-4d12-bf25-dbbc4648b003","drpTraysizeFrm":"61c35b18-9de4-48d9-aba5-b4cd0402e8f2","lblSeedsperCellFrm":"4647bc5b-09ed-4cad-8080-19d7d6273b29","txtSeedsperCellFrm":"e1c51d88-0d5d-4bf6-ba3d-6a47e06c74a5","lblTraysSeededFrm":"0252c223-0e64-4b43-94e7-c1f8991c587a","txtTraysSeededFrm":"04ffd241-4c43-410d-a56c-235acc2ff57c","lblSeedDepthFrm":"562f28b7-5f84-4491-899e-46965c86be22","txtSeedDepthFrm":"bb90956d-d06c-4b31-a74c-b8baf2cc62f8","lblTeamLeadFrm":"eda2b1ba-ee4f-4cc6-a095-61cc963fc72c","drpTeamLeadFrm":"1c0f7904-769f-49f9-ba47-8c3a071f7e79","lblTeamSizeFrm":"017c5059-642d-4abf-b9b9-bfb02ba003c6","txtTeamSizeFrm":"c5dbff86-9ece-4430-878f-9b74e814cd04","lblSeedNotesFrm":"0dca560c-24dc-40d5-b7c2-8dfe9bef3e99","txtSeedNotesFrm":"03f0265d-fa5f-4f98-8ace-f54014eb62fc","LblEndDateTimeFrm":"7f5595f9-0370-496e-958c-054e6993aaa9","dteEndDateTimeFrm":"6a8b604c-e3cd-44ae-b5de-f67699b8e913","drpEndHoursFrm":"b5260584-68e0-4ddb-9012-c0bff86a9990","drpEndMinFrm":"36eccb51-2540-4af3-baf5-0b3fbb5ced09","lblElapsedTimeFrm":"d28b3a15-28f9-4254-82ec-8680c2a42810","lblSeedLotFrm":"4bed77dc-a5f4-4202-919a-b8eb69e30b1d","drpSeedLotFrm":"54d93fe5-ba0d-4553-8cc5-987827a53bd5","btnCancelDataEntryFrm":"da7b46bc-f492-4f35-8d0d-59acbde5e30e","icoCancelAddEdit":"518c61f6-ed12-45c6-b651-282e1bed2fc9","btnSaveDataEntryFrm":"26aad0d3-3ffc-4ecb-b5a4-33b6e8ea55cb","icoSaveAddEdit":"4f801389-4331-48bb-acc9-55bbf7377b3c","imgUserPic":"7ec9063e-2bac-436e-a14b-4d59a553056c","lblBottomBanner":"68ac35c3-47e0-42df-baa7-88342d62a19e"}